"Sample","MGnify ID","Name","Description"
"SRS731606","MGYS00000604","MET0253","Human Skin Metagenome"
"SRS927202","MGYS00005034,MGYS00005101","SKCT13_b2_58","This sample has been submitted by Centre for Integrative Biology on 2015-05-02; human skin metagenome"
"SRS927151","MGYS00005034,MGYS00005101","SKCT13_b2_29","This sample has been submitted by Centre for Integrative Biology on 2015-05-02; human skin metagenome"
"SRS732144","MGYS00000604","MET0320","Human Skin Metagenome"
"ERS2431693","MGYS00005102","MBS490","Head_kid_1h"
"SRS927132","MGYS00005101","SKCT13_b2_11","This sample has been submitted by Centre for Integrative Biology on 2015-05-02; human skin metagenome"
"ERS2431689","MGYS00005102","MBS486","Head_kid_1h"
"ERS2431664","MGYS00005102","MBS401","Underarm_teen_8h"
"SRS927147","MGYS00005101","SKCT13_b2_25","This sample has been submitted by Centre for Integrative Biology on 2015-05-02; human skin metagenome"
"ERS2431669","MGYS00005102","MBS466","Head_kid_1h"
"SRS731939","MGYS00000604","MET0273","Human Skin Metagenome"
"ERS2431643","MGYS00005102","MBS380","Underarm_teen_1h"
"ERS805755","MGYS00000518","P1709_1005","AD          upper_back                        UB      LES"
"SRS892003","MGYS00003598,MGYS00005037","WBE043","not applicable"
"SRS927131","MGYS00005034,MGYS00005101","SKCT13_b2_10","This sample has been submitted by Centre for Integrative Biology on 2015-05-02; human skin metagenome"
"SRS728263","MGYS00000604","MET0040","Human Skin Metagenome"
"SRS727161","MGYS00000604","MET0007","Human Skin Metagenome"
"ERS2431705","MGYS00005102","MBS502","Head_kid_1h"
"SRS728309","MGYS00000604","MET0091","Human Skin Metagenome"
"SRS729086","MGYS00000604","MET0186","Human Skin Metagenome"
"SRS731408","MGYS00000604","MET0196","Human Skin Metagenome"
"ERS2431712","MGYS00005102","MBS509","Head_teen_8h"
"SRS892009","MGYS00003598,MGYS00005037","WBS015","not applicable"
"ERS2431698","MGYS00005102","MBS495","Head_kid_8h"
"SRS727528","MGYS00000604","MET0025","Human Skin Metagenome"
"SRS892022","MGYS00003598,MGYS00005037","WBE044","not applicable"
"SRS728278","MGYS00000604","MET0055","Human Skin Metagenome"
"ERS2431704","MGYS00005102","MBS501","Head_teen_8h"
"ERS2431729","MGYS00005102","MBS406","Neck_kid_1h"
"SRS892038","MGYS00003598,MGYS00005037","WBE026","not applicable"
"SRS731558","MGYS00000604","MET0230","Human Skin Metagenome"
"SRS728264","MGYS00000604","MET0041","Human Skin Metagenome"
"SRS731940","MGYS00000604","MET0274","Human Skin Metagenome"
"SRS927134","MGYS00005034,MGYS00005101","SKCT13_b2_13","This sample has been submitted by Centre for Integrative Biology on 2015-05-02; human skin metagenome"
"SRS728331","MGYS00000604","MET0113","Human Skin Metagenome"
"SRS892104","MGYS00003598,MGYS00005037","WBS009","not applicable"
"SRS2987413","MGYS00005098","AN06_Glue_WGS","This sample has been submitted by pda|jakehall1 on 2018-08-02; skin metagenome"
"SRS728315","MGYS00000604","MET0097","Human Skin Metagenome"
"SRS2987370","MGYS00005098","AN04_Pore_WGS","This sample has been submitted by pda|jakehall1 on 2018-08-02; skin metagenome"
"SRS727522","MGYS00000604","MET0017","Human Skin Metagenome"
"SRS728265","MGYS00000604","MET0042","Human Skin Metagenome"
"ERS805759","MGYS00000518","P1761_1106","TRL          lower_back                        LB  NON_LES"
"SRS731967","MGYS00000604","MET0295","Human Skin Metagenome"
"SRS927215","MGYS00005101","SKCT13_b2_6","This sample has been submitted by Centre for Integrative Biology on 2015-05-02; human skin metagenome"
"SRS728302","MGYS00000604","MET0084","Human Skin Metagenome"
"SRS728292","MGYS00000604","MET0068","Human Skin Metagenome"
"ERS2431683","MGYS00005102","MBS480","Head_teen_1h"
"SRS729085","MGYS00000604","MET0185","Human Skin Metagenome"
"ERS2431711","MGYS00005102","MBS508","Head_teen_1h"
"SRS728356","MGYS00000604","MET0141","Human Skin Metagenome"
"SRS892039","MGYS00003598,MGYS00005037","WBE023","not applicable"
"ERS2431671","MGYS00005102","MBS468","Head_teen_1h"
"SRS731955","MGYS00000604","MET0288","Human Skin Metagenome"
"SRS728311","MGYS00000604","MET0093","Human Skin Metagenome"
"SRS731607","MGYS00000604","MET0254","Human Skin Metagenome"
"ERS2431700","MGYS00005102","MBS497","Head_teen_8h"
"ERS2431765","MGYS00005102","MBS442","Neck_kid_1h"
"SRS731687","MGYS00000604","MET0258","Human Skin Metagenome"
"ERS2431762","MGYS00005102","MBS439","Neck_kid_8h"
"SRS731529","MGYS00000604","MET0216","Human Skin Metagenome"
"SRS728290","MGYS00000604","MET0066","Human Skin Metagenome"
"SRS728284","MGYS00000604","MET0064","Human Skin Metagenome"
"SRS728368","MGYS00000604","MET0163","Human Skin Metagenome"
"ERS2431748","MGYS00005102","MBS425","Neck_teen_8h"
"SRS731412","MGYS00000604","MET0199","Human Skin Metagenome"
"SRS892053","MGYS00003598,MGYS00005037","WBU018","not applicable"
"SRS927222","MGYS00005034,MGYS00005101","SKCT13_b2_70","This sample has been submitted by Centre for Integrative Biology on 2015-05-02; human skin metagenome"
"SRS732142","MGYS00000604","MET0319","Human Skin Metagenome"
"ERS2431690","MGYS00005102","MBS487","Head_kid_8h"
"SRS892084","MGYS00003598,MGYS00005037","WOS019","not applicable"
"SRS2987424","MGYS00005098","AN09_Glue_WGS","This sample has been submitted by pda|jakehall1 on 2018-08-02; skin metagenome"
"ERS2431778","MGYS00005102","MBS455","Neck_kid_8h"
"SRS892080","MGYS00003598,MGYS00005037","WBE006","not applicable"
"SRS731693","MGYS00000604","MET0264","Human Skin Metagenome"
"SRS728283","MGYS00000604","MET0062","Human Skin Metagenome"
"ERS2431610","MGYS00005102","MBS347","Underarm_kid_1h"
"ERS2431696","MGYS00005102","MBS493","Head_teen_8h"
"SRS731960","MGYS00000604","MET0293","Human Skin Metagenome"
"SRS927166","MGYS00005034,MGYS00005101","SKCT13_b2_47","This sample has been submitted by Centre for Integrative Biology on 2015-05-02; human skin metagenome"
"ERS2431754","MGYS00005102","MBS431","Neck_kid_8h"
"SRS2987333","MGYS00005098","AN15_Glue_WGS","This sample has been submitted by pda|jakehall1 on 2018-08-02; skin metagenome"
"ERS2431758","MGYS00005102","MBS435","Neck_kid_8h"
"ERS2431624","MGYS00005102","MBS361","Underarm_kid_8h"
"ERS2431759","MGYS00005102","MBS436","Neck_teen_1h"
"SRS727160","MGYS00000604","MET0006","Human Skin Metagenome"
"SRS2987346","MGYS00005098","AN16_Glue_WGS","This sample has been submitted by pda|jakehall1 on 2018-08-02; skin metagenome"
"SRS728320","MGYS00000604","MET0102","Human Skin Metagenome"
"SRS731973","MGYS00000604","MET0301","Human Skin Metagenome"
"ERS805760","MGYS00000518","P1896_1043","AD     posterior_thigh                        PT  NON_LES"
"SRS728304","MGYS00000604","MET0086","Human Skin Metagenome"
"SRS927195","MGYS00005034,MGYS00005101","SKCT13_b2_57","This sample has been submitted by Centre for Integrative Biology on 2015-05-02; human skin metagenome"
"ERS2431611","MGYS00005102","MBS348","Underarm_kid_1h"
"ERS2431720","MGYS00005102","MBS517","Head_teen_8h"
"SRS728456","MGYS00000604","MET0169","Human Skin Metagenome"
"SRS892048","MGYS00003598,MGYS00005037","WBE009","not applicable"
"ERS2431717","MGYS00005102","MBS514","Head_kid_1h"
"ERS2431666","MGYS00005102","MBS403","Underarm_teen_8h"
"ERS2431710","MGYS00005102","MBS507","Head_kid_8h"
"SRS892069","MGYS00003598,MGYS00005037","WBS019","not applicable"
"SRS728538","MGYS00000604","MET0175","Human Skin Metagenome"
"SRS731415","MGYS00000604","MET0202","Human Skin Metagenome"
"SRS727529","MGYS00000604","MET0027","Human Skin Metagenome"
"SRS2987410","MGYS00005098","AN13_Glue_WGS","This sample has been submitted by pda|jakehall1 on 2018-08-02; skin metagenome"
"SRS732138","MGYS00000604","MET0315","Human Skin Metagenome"
"ERS2431764","MGYS00005102","MBS441","Neck_teen_8h"
"SRS2987350","MGYS00005098","AN14_Glue_WGS","This sample has been submitted by pda|jakehall1 on 2018-08-02; skin metagenome"
"SRS927153","MGYS00005034,MGYS00005101","SKCT13_b2_30","This sample has been submitted by Centre for Integrative Biology on 2015-05-02; human skin metagenome"
"SRS927210","MGYS00005101","SKCT13_b2_64","This sample has been submitted by Centre for Integrative Biology on 2015-05-02; human skin metagenome"
"SRS892079","MGYS00003598,MGYS00005037","WBE007","not applicable"
"SRS731532","MGYS00000604","MET0218","Human Skin Metagenome"
"SRS731605","MGYS00000604","MET0252","Human Skin Metagenome"
"ERS2431722","MGYS00005102","MBS519","Head_kid_8h"
"SRS728324","MGYS00000604","MET0106","Human Skin Metagenome"
"ERS2431737","MGYS00005102","MBS414","Neck_kid_1h"
"ERS2431619","MGYS00005102","MBS356","Underarm_kid_1h"
"SRS727534","MGYS00000604","MET0031","Human Skin Metagenome"
"SRS892012","MGYS00003598,MGYS00005037","WBS012","not applicable"
"SRS728455","MGYS00000604","MET0168","Human Skin Metagenome"
"SRS728346","MGYS00000604","MET0130","Human Skin Metagenome"
"SRS731559","MGYS00000604","MET0233","Human Skin Metagenome"
"SRS728354","MGYS00000604","MET0138","Human Skin Metagenome"
"SRS927228","MGYS00005101","SKCT13_b2_8","This sample has been submitted by Centre for Integrative Biology on 2015-05-02; human skin metagenome"
"SRS892014","MGYS00003598,MGYS00005037","WBU006","not applicable"
"SRS2987405","MGYS00005098","AN08_Glue_WGS","This sample has been submitted by pda|jakehall1 on 2018-08-02; skin metagenome"
"SRS727517","MGYS00000604","MET0013","Human Skin Metagenome"
"SRS731595","MGYS00000604","MET0241","Human Skin Metagenome"
"SRS892081","MGYS00003598,MGYS00005037","WOS018","not applicable"
"ERS805756","MGYS00000518","P1709_1072","P1709_1072"
"SRS927229","MGYS00005034,MGYS00005101","SKCT13_b2_9","This sample has been submitted by Centre for Integrative Biology on 2015-05-02; human skin metagenome"
"SRS728279","MGYS00000604","MET0056","Human Skin Metagenome"
"SRS728352","MGYS00000604","MET0136","Human Skin Metagenome"
"ERS2431743","MGYS00005102","MBS420","Neck_teen_1h"
"SRS728458","MGYS00000604","MET0171","Human Skin Metagenome"
"SRS927144","MGYS00005034,MGYS00005101","SKCT13_b2_22","This sample has been submitted by Centre for Integrative Biology on 2015-05-02; human skin metagenome"
"SRS2987344","MGYS00005098","AN16_Swab_WGS","This sample has been submitted by pda|jakehall1 on 2018-08-02; skin metagenome"
"SRS729089","MGYS00000604","MET0189","Human Skin Metagenome"
"ERS2431735","MGYS00005102","MBS412","Neck_teen_1h"
"SRS728348","MGYS00000604","MET0132","Human Skin Metagenome"
"SRS731943","MGYS00000604","MET0277","Human Skin Metagenome"
"ERS2431757","MGYS00005102","MBS434","Neck_kid_1h"
"SRS727527","MGYS00000604","MET0026","Human Skin Metagenome"
"SRS927208","MGYS00005034,MGYS00005101","SKCT13_b2_62","This sample has been submitted by Centre for Integrative Biology on 2015-05-02; human skin metagenome"
"SRS728280","MGYS00000604","MET0057","Human Skin Metagenome"
"SRS728335","MGYS00000604","MET0117","Human Skin Metagenome"
"ERS2431747","MGYS00005102","MBS424","Neck_teen_1h"
"SRS728339","MGYS00000604","MET0121","Human Skin Metagenome"
"SRS892061","MGYS00003598,MGYS00005037","WBU012","not applicable"
"ERS2431701","MGYS00005102","MBS498","Head_kid_1h"
"SRS732100","MGYS00000604","MET0314","Human Skin Metagenome"
"SRS892067","MGYS00003598,MGYS00005037","WBU003","not applicable"
"ERS2431630","MGYS00005102","MBS367","Underarm_kid_8h"
"ERS2431609","MGYS00005102","MBS346","Underarm_kid_1h"
"SRS892019","MGYS00003598,MGYS00005037","WBE046","not applicable"
"SRS731968","MGYS00000604","MET0296","Human Skin Metagenome"
"SRS731589","MGYS00000604","MET0235","Human Skin Metagenome"
"ERS2431651","MGYS00005102","MBS388","Underarm_teen_1h"
"SRS927205","MGYS00005034,MGYS00005101","SKCT13_b2_60","This sample has been submitted by Centre for Integrative Biology on 2015-05-02; human skin metagenome"
"ERS2431734","MGYS00005102","MBS411","Neck_kid_8h"
"SRS732092","MGYS00000604","MET0306","Human Skin Metagenome"
"SRS892051","MGYS00003598,MGYS00005037","WBE003","not applicable"
"SRS892036","MGYS00003598,MGYS00005037","WBE027","not applicable"
"ERS2431736","MGYS00005102","MBS413","Neck_teen_8h"
"ERS2431688","MGYS00005102","MBS485","Head_teen_8h"
"SRS728349","MGYS00000604","MET0133","Human Skin Metagenome"
"SRS892016","MGYS00003598,MGYS00005037","WBE049","not applicable"
"ERS2431644","MGYS00005102","MBS381","Underarm_teen_1h"
"SRS927127","MGYS00005034,MGYS00005101","SKCT13_5","This sample has been submitted by Centre for Integrative Biology on 2015-05-02; human skin metagenome"
"SRS728343","MGYS00000604","MET0127","Human Skin Metagenome"
"SRS728546","MGYS00000604","MET0183","Human Skin Metagenome"
"SRS728312","MGYS00000604","MET0094","Human Skin Metagenome"
"SRS728357","MGYS00000604","MET0142","Human Skin Metagenome"
"ERS2431771","MGYS00005102","MBS448","Neck_teen_1h"
"SRS728260","MGYS00000604","MET0035","Human Skin Metagenome"
"SRS731528","MGYS00000604","MET0214","Human Skin Metagenome"
"ERS2431741","MGYS00005102","MBS418","Neck_kid_1h"
"ERS2431730","MGYS00005102","MBS407","Neck_kid_8h"
"SRS731689","MGYS00000604","MET0261","Human Skin Metagenome"
"SRS731602","MGYS00000604","MET0249","Human Skin Metagenome"
"SRS892091","MGYS00003598,MGYS00005037","WOS013","not applicable"
"SRS892046","MGYS00003598,MGYS00005037","WBE013","not applicable"
"SRS926998","MGYS00005101","SKCT13_b2_1","This sample has been submitted by Centre for Integrative Biology on 2015-05-02; human skin metagenome"
"ERS2431639","MGYS00005102","MBS376","Underarm_teen_1h"
"SRS2987425","MGYS00005098","AN08_Pore_WGS","This sample has been submitted by pda|jakehall1 on 2018-08-02; skin metagenome"
"SRS727519","MGYS00000604","MET0015","Human Skin Metagenome"
"SRS728262","MGYS00000604","MET0039","Human Skin Metagenome"
"SRS728454","MGYS00000604","MET0167","Human Skin Metagenome"
"SRS927227","MGYS00005101","SKCT13_b2_7","This sample has been submitted by Centre for Integrative Biology on 2015-05-02; human skin metagenome"
"ERS2431697","MGYS00005102","MBS494","Head_kid_1h"
"SRS731533","MGYS00000604","MET0219","Human Skin Metagenome"
"SRS2987348","MGYS00005098","AN17_Swab_WGS","This sample has been submitted by pda|jakehall1 on 2018-08-02; skin metagenome"
"SRS892078","MGYS00003598,MGYS00005037","WBE008","not applicable"
"SRS728310","MGYS00000604","MET0092","Human Skin Metagenome"
"ERS2431638","MGYS00005102","MBS375","Underarm_kid_8h"
"SRS728338","MGYS00000604","MET0120","Human Skin Metagenome"
"SRS731599","MGYS00000604","MET0246","Human Skin Metagenome"
"SRS728361","MGYS00000604","MET0156","Human Skin Metagenome"
"SRS892072","MGYS00003598,MGYS00005037","WBS018","not applicable"
"SRS892018","MGYS00003598,MGYS00005037","WBE047","not applicable"
"SRS728363","MGYS00000604","MET0158","Human Skin Metagenome"
"SRS892082","MGYS00003598,MGYS00005037","WBE005","not applicable"
"SRS731957","MGYS00000604","MET0290","Human Skin Metagenome"
"SRS731937","MGYS00000604","MET0271","Human Skin Metagenome"
"ERS2431648","MGYS00005102","MBS385","Underarm_teen_1h"
"SRS927148","MGYS00005101","SKCT13_b2_26","This sample has been submitted by Centre for Integrative Biology on 2015-05-02; human skin metagenome"
"ERS2431715","MGYS00005102","MBS512","Head_teen_1h"
"SRS927169","MGYS00005034,MGYS00005101","SKCT13_b2_49","This sample has been submitted by Centre for Integrative Biology on 2015-05-02; human skin metagenome"
"SRS728344","MGYS00000604","MET0128","Human Skin Metagenome"
"SRS731590","MGYS00000604","MET0236","Human Skin Metagenome"
"SRS892060","MGYS00003598,MGYS00005037","WBU011","not applicable"
"SRS731948","MGYS00000604","MET0282","Human Skin Metagenome"
"ERS2431746","MGYS00005102","MBS423","Neck_kid_8h"
"SRS731601","MGYS00000604","MET0248","Human Skin Metagenome"
"SRS927211","MGYS00005101","SKCT13_b2_65","This sample has been submitted by Centre for Integrative Biology on 2015-05-02; human skin metagenome"
"SRS731975","MGYS00000604","MET0303","Human Skin Metagenome"
"SRS892096","MGYS00003598,MGYS00005037","WOS010","not applicable"
"SRS892050","MGYS00003598,MGYS00005037","WBE004","not applicable"
"SRS892056","MGYS00003598,MGYS00005037","WBU016","not applicable"
"SRS892070","MGYS00003598,MGYS00005037","WBU001","not applicable"
"SRS728345","MGYS00000604","MET0129","Human Skin Metagenome"
"SRS731936","MGYS00000604","MET0270","Human Skin Metagenome"
"ERS2431691","MGYS00005102","MBS488","Head_teen_1h"
"SRS892085","MGYS00003598,MGYS00005037","WOS015","not applicable"
"SRS727536","MGYS00000604","MET0034","Human Skin Metagenome"
"ERS2431612","MGYS00005102","MBS349","Underarm_kid_1h"
"SRS731593","MGYS00000604","MET0239","Human Skin Metagenome"
"ERS2431636","MGYS00005102","MBS373","Underarm_kid_8h"
"SRS927125","MGYS00005101","SKCT13_4","This sample has been submitted by Centre for Integrative Biology on 2015-05-02; human skin metagenome"
"SRS927209","MGYS00005034,MGYS00005101","SKCT13_b2_63","This sample has been submitted by Centre for Integrative Biology on 2015-05-02; human skin metagenome"
"ERS2431652","MGYS00005102","MBS389","Underarm_teen_1h"
"SRS728329","MGYS00000604","MET0111","Human Skin Metagenome"
"SRS728350","MGYS00000604","MET0134","Human Skin Metagenome"
"ERS2431727","MGYS00005102","MBS524","Head_teen_1h"
"ERS2431772","MGYS00005102","MBS449","Neck_teen_8h"
"ERS2431642","MGYS00005102","MBS379","Underarm_teen_1h"
"SRS731972","MGYS00000604","MET0300","Human Skin Metagenome"
"SRS727157","MGYS00000604","MET0002","Human Skin Metagenome"
"SRS927204","MGYS00005101","SKCT13_b2_5","This sample has been submitted by Centre for Integrative Biology on 2015-05-02; human skin metagenome"
"SRS727521","MGYS00000604","MET0021","Human Skin Metagenome"
"ERS2431768","MGYS00005102","MBS445","Neck_teen_8h"
"SRS728272","MGYS00000604","MET0049","Human Skin Metagenome"
"ERS2431628","MGYS00005102","MBS365","Underarm_kid_8h"
"SRS728327","MGYS00000604","MET0109","Human Skin Metagenome"
"SRS728305","MGYS00000604","MET0087","Human Skin Metagenome"
"SRS892040","MGYS00003598,MGYS00005037","WBE016","not applicable"
"SRS728360","MGYS00000604","MET0155","Human Skin Metagenome"
"ERS2431654","MGYS00005102","MBS391","Underarm_teen_8h"
"SRS927160","MGYS00005101","SKCT13_b2_39","This sample has been submitted by Centre for Integrative Biology on 2015-05-02; human skin metagenome"
"SRS927142","MGYS00005034,MGYS00005101","SKCT13_b2_21","This sample has been submitted by Centre for Integrative Biology on 2015-05-02; human skin metagenome"
"SRS892089","MGYS00003598,MGYS00005037","WOS011","not applicable"
"SRS892068","MGYS00003598,MGYS00005037","WBU002","not applicable"
"SRS927130","MGYS00005101","SKCT13_8","This sample has been submitted by Centre for Integrative Biology on 2015-05-02; human skin metagenome"
"SRS2987336","MGYS00005098","AN13_Swab_WGS","This sample has been submitted by pda|jakehall1 on 2018-08-02; skin metagenome"
"SRS728326","MGYS00000604","MET0108","Human Skin Metagenome"
"SRS732098","MGYS00000604","MET0313","Human Skin Metagenome"
"ERS2431761","MGYS00005102","MBS438","Neck_kid_1h"
"SRS2987367","MGYS00005098","AN05_Glue_WGS","This sample has been submitted by pda|jakehall1 on 2018-08-02; skin metagenome"
"SRS892020","MGYS00003598,MGYS00005037","WBE045","not applicable"
"SRS731953","MGYS00000604","MET0286","Human Skin Metagenome"
"SRS927224","MGYS00005101","SKCT13_b2_72","This sample has been submitted by Centre for Integrative Biology on 2015-05-02; human skin metagenome"
"SRS731692","MGYS00000604","MET0263","Human Skin Metagenome"
"ERS2431640","MGYS00005102","MBS377","Underarm_teen_1h"
"SRS927172","MGYS00005034,MGYS00005101","SKCT13_b2_52","This sample has been submitted by Centre for Integrative Biology on 2015-05-02; human skin metagenome"
"SRS727164","MGYS00000604","MET0010","Human Skin Metagenome"
"SRS728542","MGYS00000604","MET0180","Human Skin Metagenome"
"SRS727518","MGYS00000604","MET0014","Human Skin Metagenome"
"ERS2431620","MGYS00005102","MBS357","Underarm_kid_1h"
"SRS728270","MGYS00000604","MET0047","Human Skin Metagenome"
"ERS2431760","MGYS00005102","MBS437","Neck_teen_8h"
"SRS731945","MGYS00000604","MET0279","Human Skin Metagenome"
"SRS927145","MGYS00005101","SKCT13_b2_23","This sample has been submitted by Centre for Integrative Biology on 2015-05-02; human skin metagenome"
"SRS731942","MGYS00000604","MET0276","Human Skin Metagenome"
"SRS728543","MGYS00000604","MET0181","Human Skin Metagenome"
"SRS731686","MGYS00000604","MET0256","Human Skin Metagenome"
"SRS732096","MGYS00000604","MET0310","Human Skin Metagenome"
"ERS2431627","MGYS00005102","MBS364","Underarm_kid_8h"
"SRS728291","MGYS00000604","MET0067","Human Skin Metagenome"
"SRS927206","MGYS00005034,MGYS00005101","SKCT13_b2_61","This sample has been submitted by Centre for Integrative Biology on 2015-05-02; human skin metagenome"
"SRS2987353","MGYS00005098","AN17_Glue_WGS","This sample has been submitted by pda|jakehall1 on 2018-08-02; skin metagenome"
"SRS727162","MGYS00000604","MET0008","Human Skin Metagenome"
"ERS2431647","MGYS00005102","MBS384","Underarm_teen_1h"
"SRS731537","MGYS00000604","MET0222","Human Skin Metagenome"
"SRS2987428","MGYS00005098","AN09_Pore_WGS","This sample has been submitted by pda|jakehall1 on 2018-08-02; skin metagenome"
"SRS728365","MGYS00000604","MET0160","Human Skin Metagenome"
"SRS731588","MGYS00000604","MET0234","Human Skin Metagenome"
"SRS892065","MGYS00003598,MGYS00005037","WBU007","not applicable"
"SRS731604","MGYS00000604","MET0251","Human Skin Metagenome"
"ERS2431707","MGYS00005102","MBS504","Head_teen_1h"
"ERS805757","MGYS00000518","P1709_1083","AD          upper_back                        UB      LES"
"SRS731409","MGYS00000604","MET0195","Human Skin Metagenome"
"SRS728337","MGYS00000604","MET0119","Human Skin Metagenome"
"ERS2431780","MGYS00005102","MBS457","Neck_kid_1h"
"ERS2431621","MGYS00005102","MBS358","Underarm_kid_1h"
"ERS2431662","MGYS00005102","MBS399","Underarm_teen_8h"
"SRS731431","MGYS00000604","MET0210","Human Skin Metagenome"
"SRS727523","MGYS00000604","MET0020","Human Skin Metagenome"
"SRS892057","MGYS00003598,MGYS00005037","WBU015","not applicable"
"SRS731956","MGYS00000604","MET0289","Human Skin Metagenome"
"SRS728537","MGYS00000604","MET0174","Human Skin Metagenome"
"SRS731534","MGYS00000604","MET0220","Human Skin Metagenome"
"SRS892030","MGYS00003598,MGYS00005037","WBE032","not applicable"
"SRS2987429","MGYS00005098","AN10_Glue_WGS","This sample has been submitted by pda|jakehall1 on 2018-08-02; skin metagenome"
"SRS727166","MGYS00000604","MET0012","Human Skin Metagenome"
"SRS892100","MGYS00003598,MGYS00005037","WBS010","not applicable"
"SRS728328","MGYS00000604","MET0110","Human Skin Metagenome"
"ERS2431659","MGYS00005102","MBS396","Underarm_teen_8h"
"SRS731426","MGYS00000604","MET0205","Human Skin Metagenome"
"ERS2431623","MGYS00005102","MBS360","Underarm_kid_1h"
"SRS892021","MGYS00003598,MGYS00005037","WBE041","not applicable"
"SRS728359","MGYS00000604","MET0144","Human Skin Metagenome"
"SRS728295","MGYS00000604","MET0073","Human Skin Metagenome"
"SRS727533","MGYS00000604","MET0032","Human Skin Metagenome"
"SRS728452","MGYS00000604","MET0165","Human Skin Metagenome"
"ERS2431719","MGYS00005102","MBS516","Head_teen_1h"
"SRS731428","MGYS00000604","MET0207","Human Skin Metagenome"
"SRS728321","MGYS00000604","MET0103","Human Skin Metagenome"
"SRS728273","MGYS00000604","MET0050","Human Skin Metagenome"
"SRS927164","MGYS00005034,MGYS00005101","SKCT13_b2_45","This sample has been submitted by Centre for Integrative Biology on 2015-05-02; human skin metagenome"
"SRS2987390","MGYS00005098","Neg_Swab_WGS","This sample has been submitted by pda|jakehall1 on 2018-08-02; skin metagenome"
"SRS729092","MGYS00000604","MET0192","Human Skin Metagenome"
"SRS927194","MGYS00005101","SKCT13_b2_56","This sample has been submitted by Centre for Integrative Biology on 2015-05-02; human skin metagenome"
"ERS2431724","MGYS00005102","MBS521","Head_teen_8h"
"SRS731596","MGYS00000604","MET0243","Human Skin Metagenome"
"ERS2431687","MGYS00005102","MBS484","Head_teen_1h"
"SRS2987359","MGYS00005098","AN19_Glue_WGS","This sample has been submitted by pda|jakehall1 on 2018-08-02; skin metagenome"
"SRS892092","MGYS00003598,MGYS00005037","WOS012","not applicable"
"SRS728322","MGYS00000604","MET0104","Human Skin Metagenome"
"SRS731414","MGYS00000604","MET0201","Human Skin Metagenome"
"ERS2431614","MGYS00005102","MBS351","Underarm_kid_1h"
"SRS892054","MGYS00003598,MGYS00005037","WBU017","not applicable"
"SRS892045","MGYS00003598,MGYS00005037","WBE012","not applicable"
"ERS2431663","MGYS00005102","MBS400","Underarm_teen_8h"
"SRS728308","MGYS00000604","MET0090","Human Skin Metagenome"
"SRS731413","MGYS00000604","MET0200","Human Skin Metagenome"
"SRS728297","MGYS00000604","MET0075","Human Skin Metagenome"
"SRS728536","MGYS00000604","MET0176","Human Skin Metagenome"
"ERS2431616","MGYS00005102","MBS353","Underarm_kid_1h"
"SRS2987355","MGYS00005098","AN18_Swab_WGS","This sample has been submitted by pda|jakehall1 on 2018-08-02; skin metagenome"
"SRS727531","MGYS00000604","MET0028","Human Skin Metagenome"
"SRS892055","MGYS00003598,MGYS00005037","WBU019","not applicable"
"ERS2431702","MGYS00005102","MBS499","Head_kid_8h"
"SRS731931","MGYS00000604","MET0266","Human Skin Metagenome"
"ERS2431681","MGYS00005102","MBS478","Head_kid_1h"
"ERS2431692","MGYS00005102","MBS489","Head_teen_8h"
"ERS2431685","MGYS00005102","MBS482","Head_kid_1h"
"SRS2987386","MGYS00005098","AN01_Glue_WGS","This sample has been submitted by pda|jakehall1 on 2018-08-02; skin metagenome"
"SRS2987389","MGYS00005098","AN02_Glue_WGS","This sample has been submitted by pda|jakehall1 on 2018-08-02; skin metagenome"
"SRS892028","MGYS00003598,MGYS00005037","WBE035","not applicable"
"SRS731434","MGYS00000604","MET0213","Human Skin Metagenome"
"ERS2431656","MGYS00005102","MBS393","Underarm_teen_8h"
"ERS2431728","MGYS00005102","MBS525","Head_teen_8h"
"ERS2431641","MGYS00005102","MBS378","Underarm_teen_1h"
"ERS2431635","MGYS00005102","MBS372","Underarm_kid_8h"
"ERS2431732","MGYS00005102","MBS409","Neck_teen_8h"
"SRS728460","MGYS00000604","MET0173","Human Skin Metagenome"
"ERS2431655","MGYS00005102","MBS392","Underarm_teen_8h"
"ERS2431739","MGYS00005102","MBS416","Neck_teen_1h"
"SRS728298","MGYS00000604","MET0076","Human Skin Metagenome"
"SRS892099","MGYS00003598,MGYS00005037","WOS016","not applicable"
"ERS2431649","MGYS00005102","MBS386","Underarm_teen_1h"
"ERS2431745","MGYS00005102","MBS422","Neck_kid_1h"
"ERS2431622","MGYS00005102","MBS359","Underarm_kid_1h"
"SRS892107","MGYS00003598,MGYS00005037","WBS008","not applicable"
"SRS892062","MGYS00003598,MGYS00005037","WBU008","not applicable"
"SRS728342","MGYS00000604","MET0124","Human Skin Metagenome"
"ERS2431695","MGYS00005102","MBS492","Head_teen_1h"
"SRS731410","MGYS00000604","MET0197","Human Skin Metagenome"
"SRS892076","MGYS00003598,MGYS00005037","WBE020","not applicable"
"SRS732094","MGYS00000604","MET0309","Human Skin Metagenome"
"SRS732141","MGYS00000604","MET0318","Human Skin Metagenome"
"SRS727159","MGYS00000604","MET0005","Human Skin Metagenome"
"SRS731598","MGYS00000604","MET0245","Human Skin Metagenome"
"SRS731974","MGYS00000604","MET0302","Human Skin Metagenome"
"SRS927163","MGYS00005101","SKCT13_b2_43","This sample has been submitted by Centre for Integrative Biology on 2015-05-02; human skin metagenome"
"SRS732140","MGYS00000604","MET0316","Human Skin Metagenome"
"SRS892035","MGYS00003598,MGYS00005037","WBE033","not applicable"
"ERS2431770","MGYS00005102","MBS447","Neck_kid_8h"
"SRS731591","MGYS00000604","MET0237","Human Skin Metagenome"
"SRS727530","MGYS00000604","MET0029","Human Skin Metagenome"
"ERS2431617","MGYS00005102","MBS354","Underarm_kid_1h"
"SRS728296","MGYS00000604","MET0074","Human Skin Metagenome"
"ERS2431667","MGYS00005102","MBS404","Underarm_teen_8h"
"SRS728366","MGYS00000604","MET0162","Human Skin Metagenome"
"SRS728330","MGYS00000604","MET0112","Human Skin Metagenome"
"ERS805754","MGYS00000518","P752_123","P752_123"
"SRS927171","MGYS00005101","SKCT13_b2_51","This sample has been submitted by Centre for Integrative Biology on 2015-05-02; human skin metagenome"
"SRS728285","MGYS00000604","MET0065","Human Skin Metagenome"
"SRS892063","MGYS00003598,MGYS00005037","WBU009","not applicable"
"ERS2431721","MGYS00005102","MBS518","Head_kid_1h"
"SRS731416","MGYS00000604","MET0203","Human Skin Metagenome"
"SRS728276","MGYS00000604","MET0053","Human Skin Metagenome"
"SRS727524","MGYS00000604","MET0022","Human Skin Metagenome"
"SRS731429","MGYS00000604","MET0208","Human Skin Metagenome"
"SRS927154","MGYS00005101","SKCT13_b2_31","This sample has been submitted by Centre for Integrative Biology on 2015-05-02; human skin metagenome"
"SRS927223","MGYS00005101","SKCT13_b2_71","This sample has been submitted by Centre for Integrative Biology on 2015-05-02; human skin metagenome"
"SRS927128","MGYS00005034,MGYS00005101","SKCT13_6","This sample has been submitted by Centre for Integrative Biology on 2015-05-02; human skin metagenome"
"ERS2431682","MGYS00005102","MBS479","Head_kid_8h"
"SRS728367","MGYS00000604","MET0161","Human Skin Metagenome"
"ERS805762","MGYS00000518","P1896_1090","CTRL         thigh                         T  NON_LES"
"SRS2987363","MGYS00005098","AN04_Glue_WGS","This sample has been submitted by pda|jakehall1 on 2018-08-02; skin metagenome"
"SRS731941","MGYS00000604","MET0275","Human Skin Metagenome"
"ERS805761","MGYS00000518","P1896_1079","CTRL          lower_back                        LB  NON_LES"
"SRS731934","MGYS00000604","MET0268","Human Skin Metagenome"
"ERS2431694","MGYS00005102","MBS491","Head_kid_8h"
"SRS892031","MGYS00003598,MGYS00005037","WBE031","not applicable"
"ERS2431773","MGYS00005102","MBS450","Neck_kid_1h"
"SRS927141","MGYS00005034,MGYS00005101","SKCT13_b2_20","This sample has been submitted by Centre for Integrative Biology on 2015-05-02; human skin metagenome"
"ERS2431629","MGYS00005102","MBS366","Underarm_kid_8h"
"SRS729093","MGYS00000604","MET0193","Human Skin Metagenome"
"SRS2987400","MGYS00005098","Neg_Glue_WGS","This sample has been submitted by pda|jakehall1 on 2018-08-02; skin metagenome"
"SRS927165","MGYS00005101","SKCT13_b2_46","This sample has been submitted by Centre for Integrative Biology on 2015-05-02; human skin metagenome"
"ERS2431784","MGYS00005102","MBS461","Neck_kid_1h"
"SRS2987335","MGYS00005098","AN15_Swab_WGS","This sample has been submitted by pda|jakehall1 on 2018-08-02; skin metagenome"
"ERS2431755","MGYS00005102","MBS432","Neck_teen_1h"
"SRS728300","MGYS00000604","MET0082","Human Skin Metagenome"
"ERS2431637","MGYS00005102","MBS374","Underarm_kid_8h"
"SRS727525","MGYS00000604","MET0023","Human Skin Metagenome"
"SRS731536","MGYS00000604","MET0223","Human Skin Metagenome"
"ERS2431740","MGYS00005102","MBS417","Neck_teen_8h"
"SRS731530","MGYS00000604","MET0215","Human Skin Metagenome"
"SRS731935","MGYS00000604","MET0269","Human Skin Metagenome"
"ERS2431653","MGYS00005102","MBS390","Underarm_teen_1h"
"SRS731553","MGYS00000604","MET0227","Human Skin Metagenome"
"SRS729084","MGYS00000604","MET0184","Human Skin Metagenome"
"SRS892088","MGYS00003598,MGYS00005037","WOS014","not applicable"
"SRS731554","MGYS00000604","MET0228","Human Skin Metagenome"
"ERS2431670","MGYS00005102","MBS467","Head_kid_8h"
"ERS2431776","MGYS00005102","MBS453","Neck_teen_8h"
"SRS728303","MGYS00000604","MET0085","Human Skin Metagenome"
"ERS2431782","MGYS00005102","MBS459","Neck_teen_1h"
"SRS728457","MGYS00000604","MET0170","Human Skin Metagenome"
"SRS2987384","MGYS00005098","AN03_Glue_WGS","This sample has been submitted by pda|jakehall1 on 2018-08-02; skin metagenome"
"SRS927140","MGYS00005101","SKCT13_b2_19","This sample has been submitted by Centre for Integrative Biology on 2015-05-02; human skin metagenome"
"SRS728358","MGYS00000604","MET0143","Human Skin Metagenome"
"ERS2431731","MGYS00005102","MBS408","Neck_teen_1h"
"SRS728544","MGYS00000604","MET0182","Human Skin Metagenome"
"SRS728347","MGYS00000604","MET0131","Human Skin Metagenome"
"SRS892034","MGYS00003598,MGYS00005037","WBE029","not applicable"
"SRS927138","MGYS00005101","SKCT13_b2_17","This sample has been submitted by Centre for Integrative Biology on 2015-05-02; human skin metagenome"
"SRS927170","MGYS00005034,MGYS00005101","SKCT13_b2_50","This sample has been submitted by Centre for Integrative Biology on 2015-05-02; human skin metagenome"
"SRS2987340","MGYS00005098","AN18_Glue_WGS","This sample has been submitted by pda|jakehall1 on 2018-08-02; skin metagenome"
"SRS731600","MGYS00000604","MET0247","Human Skin Metagenome"
"SRS927159","MGYS00005101","SKCT13_b2_36","This sample has been submitted by Centre for Integrative Biology on 2015-05-02; human skin metagenome"
"SRS2987406","MGYS00005098","AN07_Glue_WGS","This sample has been submitted by pda|jakehall1 on 2018-08-02; skin metagenome"
"ERS2431713","MGYS00005102","MBS510","Head_kid_1h"
"SRS728299","MGYS00000604","MET0081","Human Skin Metagenome"
"SRS927139","MGYS00005034,MGYS00005101","SKCT13_b2_18","This sample has been submitted by Centre for Integrative Biology on 2015-05-02; human skin metagenome"
"SRS892052","MGYS00003598,MGYS00005037","WBU020","not applicable"
"SRS892049","MGYS00003598,MGYS00005037","WBE010","not applicable"
"SRS731961","MGYS00000604","MET0294","Human Skin Metagenome"
"SRS731535","MGYS00000604","MET0221","Human Skin Metagenome"
"SRS2987418","MGYS00005098","AN12_Swab_WGS","This sample has been submitted by pda|jakehall1 on 2018-08-02; skin metagenome"
"ERS2431756","MGYS00005102","MBS433","Neck_teen_8h"
"SRS731947","MGYS00000604","MET0281","Human Skin Metagenome"
"SRS731555","MGYS00000604","MET0225","Human Skin Metagenome"
"SRS731950","MGYS00000604","MET0284","Human Skin Metagenome"
"SRS728267","MGYS00000604","MET0044","Human Skin Metagenome"
"SRS731597","MGYS00000604","MET0244","Human Skin Metagenome"
"ERS2431733","MGYS00005102","MBS410","Neck_kid_1h"
"SRS2987419","MGYS00005098","AN11_Glue_WGS","This sample has been submitted by pda|jakehall1 on 2018-08-02; skin metagenome"
"SRS2987421","MGYS00005098","AN10_Pore_WGS","This sample has been submitted by pda|jakehall1 on 2018-08-02; skin metagenome"
"SRS892017","MGYS00003598,MGYS00005037","WBE048","not applicable"
"SRS927118","MGYS00005101","SKCT13_1","This sample has been submitted by Centre for Integrative Biology on 2015-05-02; human skin metagenome"
"SRS727158","MGYS00000604","MET0004","Human Skin Metagenome"
"ERS2431684","MGYS00005102","MBS481","Head_teen_8h"
"ERS2431750","MGYS00005102","MBS427","Neck_kid_8h"
"ERS2431763","MGYS00005102","MBS440","Neck_teen_1h"
"ERS2431679","MGYS00005102","MBS476","Head_teen_1h"
"SRS728307","MGYS00000604","MET0089","Human Skin Metagenome"
"SRS731531","MGYS00000604","MET0217","Human Skin Metagenome"
"SRS728282","MGYS00000604","MET0061","Human Skin Metagenome"
"SRS728318","MGYS00000604","MET0126","Human Skin Metagenome"
"SRS728351","MGYS00000604","MET0135","Human Skin Metagenome"
"SRS927212","MGYS00005034,MGYS00005101","SKCT13_b2_66","This sample has been submitted by Centre for Integrative Biology on 2015-05-02; human skin metagenome"
"SRS892025","MGYS00003598,MGYS00005037","WBE037","not applicable"
"SRS892006","MGYS00003598,MGYS00005037","WBS022","not applicable"
"SRS892043","MGYS00003598,MGYS00005037","WBE015","not applicable"
"SRS927225","MGYS00005101","SKCT13_b2_74","This sample has been submitted by Centre for Integrative Biology on 2015-05-02; human skin metagenome"
"SRS731690","MGYS00000604","MET0260","Human Skin Metagenome"
"SRS728362","MGYS00000604","MET0157","Human Skin Metagenome"
"SRS729087","MGYS00000604","MET0187","Human Skin Metagenome"
"SRS731685","MGYS00000604","MET0257","Human Skin Metagenome"
"ERS2431744","MGYS00005102","MBS421","Neck_teen_8h"
"SRS892037","MGYS00003598,MGYS00005037","WBE024","not applicable"
"SRS732095","MGYS00000604","MET0307","Human Skin Metagenome"
"SRS728539","MGYS00000604","MET0178","Human Skin Metagenome"
"SRS927157","MGYS00005034,MGYS00005101","SKCT13_b2_34","This sample has been submitted by Centre for Integrative Biology on 2015-05-02; human skin metagenome"
"SRS892042","MGYS00003598,MGYS00005037","WBE021","not applicable"
"SRS731407","MGYS00000604","MET0194","Human Skin Metagenome"
"SRS732093","MGYS00000604","MET0308","Human Skin Metagenome"
"ERS2431646","MGYS00005102","MBS383","Underarm_teen_1h"
"SRS927213","MGYS00005101","SKCT13_b2_67","This sample has been submitted by Centre for Integrative Biology on 2015-05-02; human skin metagenome"
"SRS728271","MGYS00000604","MET0048","Human Skin Metagenome"
"SRS2987351","MGYS00005098","AN19_Swab_WGS","This sample has been submitted by pda|jakehall1 on 2018-08-02; skin metagenome"
"SRS892013","MGYS00003598,MGYS00005037","WBE025","not applicable"
"SRS731433","MGYS00000604","MET0212","Human Skin Metagenome"
"ERS2431613","MGYS00005102","MBS350","Underarm_kid_1h"
"SRS727156","MGYS00000604","MET0001","Human Skin Metagenome"
"SRS731949","MGYS00000604","MET0283","Human Skin Metagenome"
"ERS2431632","MGYS00005102","MBS369","Underarm_kid_8h"
"ERS2431699","MGYS00005102","MBS496","Head_teen_1h"
"SRS729091","MGYS00000604","MET0191","Human Skin Metagenome"
"SRS731557","MGYS00000604","MET0231","Human Skin Metagenome"
"SRS2987362","MGYS00005098","Pos_Ctrl_WGS","This sample has been submitted by pda|jakehall1 on 2018-08-02; skin metagenome"
"ERS2431714","MGYS00005102","MBS511","Head_kid_8h"
"ERS2431626","MGYS00005102","MBS363","Underarm_kid_8h"
"ERS2431661","MGYS00005102","MBS398","Underarm_teen_8h"
"SRS727163","MGYS00000604","MET0009","Human Skin Metagenome"
"SRS892024","MGYS00003598,MGYS00005037","WBE040","not applicable"
"SRS728355","MGYS00000604","MET0139","Human Skin Metagenome"
"SRS728334","MGYS00000604","MET0116","Human Skin Metagenome"
"SRS728317","MGYS00000604","MET0125","Human Skin Metagenome"
"ERS2431777","MGYS00005102","MBS454","Neck_kid_1h"
"ERS2431723","MGYS00005102","MBS520","Head_teen_1h"
"SRS727532","MGYS00000604","MET0030","Human Skin Metagenome"
"ERS2431785","MGYS00005102","MBS462","Neck_kid_8h"
"SRS727165","MGYS00000604","MET0011","Human Skin Metagenome"
"SRS2987409","MGYS00005098","AN06_Pore_WGS","This sample has been submitted by pda|jakehall1 on 2018-08-02; skin metagenome"
"SRS2987342","MGYS00005098","AN14_Swab_WGS","This sample has been submitted by pda|jakehall1 on 2018-08-02; skin metagenome"
"ERS2431657","MGYS00005102","MBS394","Underarm_teen_8h"
"SRS731958","MGYS00000604","MET0291","Human Skin Metagenome"
"SRS892010","MGYS00003598,MGYS00005037","WBS014","not applicable"
"SRS728266","MGYS00000604","MET0043","Human Skin Metagenome"
"SRS892005","MGYS00003598,MGYS00005037","WBS023","not applicable"
"SRS892044","MGYS00003598,MGYS00005037","WBE014","not applicable"
"SRS731954","MGYS00000604","MET0287","Human Skin Metagenome"
"ERS2431668","MGYS00005102","MBS405","Underarm_teen_8h"
"SRS2987366","MGYS00005098","AN03_Pore_WGS","This sample has been submitted by pda|jakehall1 on 2018-08-02; skin metagenome"
"SRS728364","MGYS00000604","MET0159","Human Skin Metagenome"
"SRS2987432","MGYS00005098","AN01_Pore_WGS","This sample has been submitted by pda|jakehall1 on 2018-08-02; skin metagenome"
"SRS732091","MGYS00000604","MET0305","Human Skin Metagenome"
"SRS892041","MGYS00003598,MGYS00005037","WBE022","not applicable"
"ERS2431660","MGYS00005102","MBS397","Underarm_teen_8h"
"ERS2431678","MGYS00005102","MBS475","Head_kid_8h"
"SRS727526","MGYS00000604","MET0024","Human Skin Metagenome"
"SRS2987392","MGYS00005098","AN02_Pore_WGS","This sample has been submitted by pda|jakehall1 on 2018-08-02; skin metagenome"
"SRS728332","MGYS00000604","MET0114","Human Skin Metagenome"
"ERS2431677","MGYS00005102","MBS474","Head_kid_1h"
"SRS728314","MGYS00000604","MET0096","Human Skin Metagenome"
"SRS892071","MGYS00003598,MGYS00005037","WBS017","not applicable"
"SRS731969","MGYS00000604","MET0297","Human Skin Metagenome"
"ERS2431726","MGYS00005102","MBS523","Head_kid_8h"
"SRS731971","MGYS00000604","MET0299","Human Skin Metagenome"
"ERS2431665","MGYS00005102","MBS402","Underarm_teen_8h"
"SRS727520","MGYS00000604","MET0016","Human Skin Metagenome"
"SRS2987361","MGYS00005098","AN20_Swab_WGS","This sample has been submitted by pda|jakehall1 on 2018-08-02; skin metagenome"
"ERS2431769","MGYS00005102","MBS446","Neck_kid_1h"
"SRS728274","MGYS00000604","MET0051","Human Skin Metagenome"
"ERS809858","MGYS00000520","Palm WGS metagenome","Palm WGS metagenome"
"SRS728325","MGYS00000604","MET0107","Human Skin Metagenome"
"ERS2431766","MGYS00005102","MBS443","Neck_kid_8h"
"SRS927155","MGYS00005101","SKCT13_b2_32","This sample has been submitted by Centre for Integrative Biology on 2015-05-02; human skin metagenome"
"SRS892004","MGYS00003598,MGYS00005037","WBE042","not applicable"
"SRS728261","MGYS00000604","MET0038","Human Skin Metagenome"
"SRS892011","MGYS00003598,MGYS00005037","WBS013","not applicable"
"SRS927150","MGYS00005101","SKCT13_b2_28","This sample has been submitted by Centre for Integrative Biology on 2015-05-02; human skin metagenome"
"ERS2431650","MGYS00005102","MBS387","Underarm_teen_1h"
"SRS731425","MGYS00000604","MET0204","Human Skin Metagenome"
"SRS927133","MGYS00005034,MGYS00005101","SKCT13_b2_12","This sample has been submitted by Centre for Integrative Biology on 2015-05-02; human skin metagenome"
"SRS927226","MGYS00005101","SKCT13_b2_76","This sample has been submitted by Centre for Integrative Biology on 2015-05-02; human skin metagenome"
"ERS2431708","MGYS00005102","MBS505","Head_teen_8h"
"SRS728281","MGYS00000604","MET0060","Human Skin Metagenome"
"ERS2431783","MGYS00005102","MBS460","Neck_teen_8h"
"SRS731411","MGYS00000604","MET0198","Human Skin Metagenome"
"SRS892007","MGYS00003598,MGYS00005037","WBS021","not applicable"
"SRS892008","MGYS00003598,MGYS00005037","WBS020","not applicable"
"SRS892073","MGYS00003598,MGYS00005037","WBS016","not applicable"
"SRS731938","MGYS00000604","MET0272","Human Skin Metagenome"
"SRS731976","MGYS00000604","MET0304","Human Skin Metagenome"
"ERS2431742","MGYS00005102","MBS419","Neck_kid_8h"
"ERS2431787","MGYS00005102","MBS464","Neck_teen_8h"
"SRS927214","MGYS00005101","SKCT13_b2_68","This sample has been submitted by Centre for Integrative Biology on 2015-05-02; human skin metagenome"
"SRS732099","MGYS00000604","MET0312","Human Skin Metagenome"
"SRS732139","MGYS00000604","MET0317","Human Skin Metagenome"
"SRS731952","MGYS00000604","MET0285","Human Skin Metagenome"
"SRS731944","MGYS00000604","MET0278","Human Skin Metagenome"
"SRS728333","MGYS00000604","MET0115","Human Skin Metagenome"
"ERS2431673","MGYS00005102","MBS470","Head_kid_1h"
"ERS2431706","MGYS00005102","MBS503","Head_kid_8h"
"ERS2431672","MGYS00005102","MBS469","Head_teen_8h"
"ERS2431675","MGYS00005102","MBS472","Head_teen_1h"
"ERS2431703","MGYS00005102","MBS500","Head_teen_1h"
"SRS892077","MGYS00003598,MGYS00005037","WBE019","not applicable"
"ERS2431645","MGYS00005102","MBS382","Underarm_teen_1h"
"SRS892015","MGYS00003598,MGYS00005037","WBU005","not applicable"
"SRS927129","MGYS00005101","SKCT13_7","This sample has been submitted by Centre for Integrative Biology on 2015-05-02; human skin metagenome"
"ERS2431779","MGYS00005102","MBS456","Neck_teen_1h"
"SRS731594","MGYS00000604","MET0240","Human Skin Metagenome"
"SRS731688","MGYS00000604","MET0259","Human Skin Metagenome"
"ERS2431775","MGYS00005102","MBS452","Neck_teen_1h"
"ERS2431716","MGYS00005102","MBS513","Head_teen_8h"
"SRS728301","MGYS00000604","MET0083","Human Skin Metagenome"
"ERS2431767","MGYS00005102","MBS444","Neck_teen_1h"
"SRS728268","MGYS00000604","MET0045","Human Skin Metagenome"
"SRS728353","MGYS00000604","MET0137","Human Skin Metagenome"
"SRS731603","MGYS00000604","MET0250","Human Skin Metagenome"
"SRS728306","MGYS00000604","MET0088","Human Skin Metagenome"
"SRS728541","MGYS00000604","MET0179","Human Skin Metagenome"
"SRS892103","MGYS00003598,MGYS00005037","WBS011","not applicable"
"SRS892058","MGYS00003598,MGYS00005037","WBU013","not applicable"
"SRS927176","MGYS00005034,MGYS00005101","SKCT13_b2_55","This sample has been submitted by Centre for Integrative Biology on 2015-05-02; human skin metagenome"
"ERS2431709","MGYS00005102","MBS506","Head_kid_1h"
"SRS892083","MGYS00003598,MGYS00005037","WOS020","not applicable"
"SRS728275","MGYS00000604","MET0052","Human Skin Metagenome"
"SRS731684","MGYS00000604","MET0255","Human Skin Metagenome"
"SRS892064","MGYS00003598,MGYS00005037","WBU010","not applicable"
"ERS2431615","MGYS00005102","MBS352","Underarm_kid_1h"
"SRS892026","MGYS00003598,MGYS00005037","WBE039","not applicable"
"SRS892059","MGYS00003598,MGYS00005037","WBU014","not applicable"
"SRS892023","MGYS00003598,MGYS00005037","WBE038","not applicable"
"SRS728293","MGYS00000604","MET0070","Human Skin Metagenome"
"SRS728294","MGYS00000604","MET0069","Human Skin Metagenome"
"ERS2431738","MGYS00005102","MBS415","Neck_kid_8h"
"SRS927161","MGYS00005101","SKCT13_b2_3","This sample has been submitted by Centre for Integrative Biology on 2015-05-02; human skin metagenome"
"ERS2431625","MGYS00005102","MBS362","Underarm_kid_8h"
"SRS892074","MGYS00003598,MGYS00005037","WBE018","not applicable"
"SRS927156","MGYS00005034,MGYS00005101","SKCT13_b2_33","This sample has been submitted by Centre for Integrative Biology on 2015-05-02; human skin metagenome"
"SRS728540","MGYS00000604","MET0177","Human Skin Metagenome"
"SRS927158","MGYS00005034,MGYS00005101","SKCT13_b2_35","This sample has been submitted by Centre for Integrative Biology on 2015-05-02; human skin metagenome"
"SRS892033","MGYS00003598,MGYS00005037","WBE028","not applicable"
"SRS731556","MGYS00000604","MET0229","Human Skin Metagenome"
"SRS927168","MGYS00005101","SKCT13_b2_48","This sample has been submitted by Centre for Integrative Biology on 2015-05-02; human skin metagenome"
"SRS892095","MGYS00003598,MGYS00005037","WOS017","not applicable"
"SRS731427","MGYS00000604","MET0206","Human Skin Metagenome"
"SRS2987371","MGYS00005098","AN05_Pore_WGS","This sample has been submitted by pda|jakehall1 on 2018-08-02; skin metagenome"
"SRS892075","MGYS00003598,MGYS00005037","WBE017","not applicable"
"SRS727535","MGYS00000604","MET0033","Human Skin Metagenome"
"SRS731946","MGYS00000604","MET0280","Human Skin Metagenome"
"SRS729088","MGYS00000604","MET0188","Human Skin Metagenome"
"ERS2431753","MGYS00005102","MBS430","Neck_kid_1h"
"ERS2431680","MGYS00005102","MBS477","Head_teen_8h"
"SRS729090","MGYS00000604","MET0190","Human Skin Metagenome"
"SRS731959","MGYS00000604","MET0292","Human Skin Metagenome"
"ERS2431725","MGYS00005102","MBS522","Head_kid_1h"
"SRS927146","MGYS00005101","SKCT13_b2_24","This sample has been submitted by Centre for Integrative Biology on 2015-05-02; human skin metagenome"
"SRS728313","MGYS00000604","MET0095","Human Skin Metagenome"
"SRS892027","MGYS00003598,MGYS00005037","WBE036","not applicable"
"SRS728459","MGYS00000604","MET0172","Human Skin Metagenome"
"SRS927121","MGYS00005034,MGYS00005101","SKCT13_3","This sample has been submitted by Centre for Integrative Biology on 2015-05-02; human skin metagenome"
"ERS2431749","MGYS00005102","MBS426","Neck_kid_1h"
"SRS731592","MGYS00000604","MET0238","Human Skin Metagenome"
"SRS731933","MGYS00000604","MET0267","Human Skin Metagenome"
"SRS927119","MGYS00005101","SKCT13_2","This sample has been submitted by Centre for Integrative Biology on 2015-05-02; human skin metagenome"
"SRS892066","MGYS00003598,MGYS00005037","WBU004","not applicable"
"ERS805763","MGYS00000518","P1900_1076","PSO          lower_back                        LB      LES"
"ERS2431658","MGYS00005102","MBS395","Underarm_teen_8h"
"SRS2987399","MGYS00005098","Neg_Pore_WGS","This sample has been submitted by pda|jakehall1 on 2018-08-02; skin metagenome"
"SRS731551","MGYS00000604","MET0226","Human Skin Metagenome"
"ERS2431751","MGYS00005102","MBS428","Neck_teen_1h"
"SRS728341","MGYS00000604","MET0123","Human Skin Metagenome"
"SRS732097","MGYS00000604","MET0311","Human Skin Metagenome"
"SRS927175","MGYS00005101","SKCT13_b2_54","This sample has been submitted by Centre for Integrative Biology on 2015-05-02; human skin metagenome"
"SRS2987422","MGYS00005098","AN11_Swab_WGS","This sample has been submitted by pda|jakehall1 on 2018-08-02; skin metagenome"
"SRS728319","MGYS00000604","MET0100","Human Skin Metagenome"
"SRS731970","MGYS00000604","MET0298","Human Skin Metagenome"
"ERS2431786","MGYS00005102","MBS463","Neck_teen_1h"
"SRS731430","MGYS00000604","MET0209","Human Skin Metagenome"
"SRS892032","MGYS00003598,MGYS00005037","WBE030","not applicable"
"SRS2987354","MGYS00005098","AN20_Glue_WGS","This sample has been submitted by pda|jakehall1 on 2018-08-02; skin metagenome"
"SRS731432","MGYS00000604","MET0211","Human Skin Metagenome"
"SRS731691","MGYS00000604","MET0262","Human Skin Metagenome"
"SRS728323","MGYS00000604","MET0105","Human Skin Metagenome"
"SRS728451","MGYS00000604","MET0164","Human Skin Metagenome"
"SRS927162","MGYS00005034,MGYS00005101","SKCT13_b2_40","This sample has been submitted by Centre for Integrative Biology on 2015-05-02; human skin metagenome"
"ERS2431674","MGYS00005102","MBS471","Head_kid_8h"
"SRS927137","MGYS00005101","SKCT13_b2_16","This sample has been submitted by Centre for Integrative Biology on 2015-05-02; human skin metagenome"
"SRS927173","MGYS00005034,MGYS00005101","SKCT13_b2_53","This sample has been submitted by Centre for Integrative Biology on 2015-05-02; human skin metagenome"
"ERS805753","MGYS00000518","P752_105","AD     posterior_thigh                        PT      LES"
"ERS2431676","MGYS00005102","MBS473","Head_teen_8h"
"SRS728269","MGYS00000604","MET0046","Human Skin Metagenome"
"ERS2431774","MGYS00005102","MBS451","Neck_kid_8h"
"SRS892047","MGYS00003598,MGYS00005037","WBE011","not applicable"
"SRS2987403","MGYS00005098","AN07_Pore_WGS","This sample has been submitted by pda|jakehall1 on 2018-08-02; skin metagenome"
"ERS2431781","MGYS00005102","MBS458","Neck_kid_8h"
"ERS2431634","MGYS00005102","MBS371","Underarm_kid_8h"
"SRS728277","MGYS00000604","MET0054","Human Skin Metagenome"
"ERS2431752","MGYS00005102","MBS429","Neck_teen_8h"
"ERS2431618","MGYS00005102","MBS355","Underarm_kid_1h"
"SRS728340","MGYS00000604","MET0122","Human Skin Metagenome"
"ERS2431631","MGYS00005102","MBS368","Underarm_kid_8h"
"ERS2431718","MGYS00005102","MBS515","Head_kid_8h"
"SRS2987414","MGYS00005098","AN12_Glue_WGS","This sample has been submitted by pda|jakehall1 on 2018-08-02; skin metagenome"
"SRS892029","MGYS00003598,MGYS00005037","WBE034","not applicable"
"SRS731560","MGYS00000604","MET0232","Human Skin Metagenome"
"ERS2431686","MGYS00005102","MBS483","Head_kid_8h"
"SRS728336","MGYS00000604","MET0118","Human Skin Metagenome"
"SRS927135","MGYS00005101","SKCT13_b2_14","This sample has been submitted by Centre for Integrative Biology on 2015-05-02; human skin metagenome"
"ERS2431633","MGYS00005102","MBS370","Underarm_kid_8h"
"SRS927136","MGYS00005101","SKCT13_b2_15","This sample has been submitted by Centre for Integrative Biology on 2015-05-02; human skin metagenome"
"SRS731552","MGYS00000604","MET0224","Human Skin Metagenome"
"SRS927152","MGYS00005034,MGYS00005101","SKCT13_b2_2","This sample has been submitted by Centre for Integrative Biology on 2015-05-02; human skin metagenome"
"SRS731932","MGYS00000604","MET0265","Human Skin Metagenome"
"SRS728453","MGYS00000604","MET0166","Human Skin Metagenome"